Тема,Описание,Точка отказа,Серийный номер,Тип оборудования
Неисправность Ноутбук СИЛА НК2-3404 - NTB48447 S/N,"Добрый день! 
 Ноутбук СИЛА НК2-3404 - NTB48447 (S/N: C223091505)
 Описание неисправности – вышла из строя матрица. По всей площади экрана полосы и мерцание. Во вложении фото неисправности. На ноутбуке нет следов физического воздействия, скорее всего неисправность аппаратная.",Матрица,C223091505,Ноутбук
Гарантийный ремонт Т2,"Добрый день. 
 Прошу произвести гарантийный ремонт ноутбука: 
 1.       СИЛА НК2-1404 s/n C223014726 (Отклеилась защитная сетка на крышке, в связи с чем кулер цепляет и издает звук)",Вентилятор,C223014726,Ноутбук
НК2-1404 v2 // Не работает зарядное устройство,Не работает зарядное устройство,Блок питания,C223100822,Ноутбук
НК2-1404 // Не работает Wi-FI (Кашира),На устройстве не работает WiFi,Wi-fi антенна,C223101179,Ноутбук
Сервер СР2-5422 // После обновления bios и bmc появились ошибки системных кулеров,"Добрый день!
После обновления bios и bmc в bmc было зафиксировано нулевое значение оборотов системных кулеров (скриншот во вложении). Логи были очищены; после перезагрузки bmc логи перестали собираться, а значения оборотов кулеров так и остались на нуле.
версия bios: 8.3
версия bmc: 1264_3",Вентилятор,D251110031,Сервер
мерцает экран ноутбука,мерцает экран ноутбука,Матрица,C223091623,Ноутбук
Ноутбук Сила НК2-1404 v2  SN:  не работает сетевой адаптер,Ноутбук Сила НК2-1404 v2  SN:  C223100312 не работает сетевой адаптер,Wi-fi модуль,C223100312,Ноутбук
Сервер СР2-5422 // После обновления bios и bmc перестал работать BMC,"Привет! Обновили BIOS и BMC до последней версии (SILA_015_bios_rev8_3/CUBE 1.5).
Доступ к серверу по IPMI пропал. В BIOS настраивать BMC (повесить IP и тд) можно, но сервер по bmc не пингуется и не доступен по веб соответственно.
Пробовали отключать питание на 10 минут. Отключать в BIOS bmc функцию и снова включать. Проблема осталась",Материнская плата,D251110011,Сервер
Повреждение матрицы,Прошу произвести диагностику и сориентировать по условиям ремонта данного ноутбука.,Матрица,C223014328,Ноутбук
HK2-1404 // шумит кулер + артефакты на экране ноутбука,"Добрый день.

Прошу осуществить забор и последующий ремонт ноутбука  sn:C223010327.

Неисправность:

1)  шумит кулер (во вложении видео)
2) периодически появляются артефакты на экране ноутбука, в особенности, при работе в excel (во вложении видео).",Корпус,C223010327,Ноутбук
Ошибка диска Enclosure=3:Disk=5 на datadomain,"Коллеги, добрый день.
Прошу открыть кейс по неисправному диску на оборудовании DataDomain
sysadmin@dd501-p1(active:1)# alert show current
Id      Post Time                  Severity   Class             Object                Message
-----   ------------------------   --------   ---------------   -------------------   ------------------------------------------------------------------------
m0-37   Tue Jul 16 21:15:42 2024   CRITICAL   HardwareFailure   Enclosure=3:Disk=57   EVT-STORAGE-00002: Unable to access a disk and the disk state is failed.
-----   ------------------------   --------   ---------------   -------------------   ------------------------------------------------------------------------
There is 1 active alert",Диск,CKM00194300974,Сервер
Неисправность сервера // 46906,"Коллеги, добрый день.
Просьба принять запрос.
Модель: сервер CP2 – 5422
S/N : D252030012 

 Описание: Неисправность системы охлаждения сервера. 
 Приоритет: 3 
 Дополнительная информация во вложении.",Сервер,D252030012,Сервер
Неисправность сервера СИЛА // 46917,"Коллеги, добрый день. 
 Просьба принять запрос. 
 Модель: сервер CP2 – 5422
S/N : D252030019 
 Расположение: КВ7 
Описание: Неисправность модуля управления сервером. 
 Скриншоты с проблемой во вложении.",Сервер,D252030019,Сервер
BIOS'ы,"Здравствуйте!
Поделитесь, пожалуйста, последними версиями BIOS на НК2-1404 и НК2-3404",Консультация,C223010345,Ноутбук
Ноутбук СИЛА НК2-3404// рябь экрана // c223091025,"Коллеги, привет!

Столкнулись с проблемой на ноутбуке Сила модель нк2-3404 s/n c223091025
У пользователя начал рябить экран, видео прилагаю
Необходимо организавать гарантийный ремонт ноутбука",Матрица,C223091025,Ноутбук
sila HK2-1404 c223014125 asset 7101087,"Добрый день!
Прошу взять ноутбук sila HK2-1404 c223014125 asset 7101087 в гарантийный ремонт
Не включается, нет индикации заряда",Материнская плата,C223014125,Ноутбук
HK2-1404 // Проблема с портом type-c,"Добрый день!
Не работает один порт type-c.",Материнская плата,C223012095,Ноутбук
Неисправность Ноутбук СИЛА НК2-3404 - NTB48532 S/N,"Добрый день! 
 Ноутбук СИЛА НК2-3404 - NTB48532 (S/N: C223090552)
 Описание неисправности – вышла из строя матрица. В верхней части экрана полосы и мерцание. Во вложении фото неисправности. На ноутбуке нет следов физического воздействия, скорее всего неисправность аппаратная.",Матрица,C223090552,Ноутбук
НК2-1404 // Проблемы с зарядными устройствами,"Добрый день,
вышли из строя зарядные устройства.
Просьба завести заявку в рамках гарантийного ремонта.
 C223012685 C223010230 C223010386",Блок питания,"C223012685, C223010230, C223010386",Ноутбук
Ноутбук НК2-1404 // Вентилятор трется о сетку,"Добрый день.
Спустя 30 минут работы вентилятор трется о сетку
Прошу помочь в решении данной проблемы
Спасибо",Вентилятор,C223012430,Ноутбук
Заявка на гарант,"Здравствуйте!
Ноутбук C223094573 периодически мерцает экран. 
 Еще один ноутбук C223094545 сегодня забирают на ремонт. Могу ли я отдать сразу оба?",Матрица,C223094573,Ноутбук
СИЛА НК2-3404  // мерцающая матрица,"Привет, Коллеги.
Снова мерцающие полосы у Силы.  

Серийник: C223090123",Материнская плата,C223090123,Ноутбук
Неисправность сервера СИЛА // 46923,"Модель: сервер CP2 – 5422
S/N : D252030011 
 Расположение: КВ7 
 Описание: Неисправность системы охлаждения сервера 
 Дополнительная информация во вложении.",Сервер,D252030011,Сервер
СИЛА HK2-1404 // Не работает зарядное устройство,Не работает зарядное устройство,Блок питания,C223011088,Ноутбук
Не работает дисплей,Не работает дисплей ноутбука.,Матрица,C223011312,Ноутбук
Неисправность ноутбука Сила NTB49600 (Платформа),"Добрый день! 
 Ноутбук СИЛА НК2-3404 - NTB49600 (S/N: C223090096)
 Описание неисправности – Вышла из строя матрица. В нижней части экрана образовались полосы разной длины, ширины, появилось мерцание. Во вложении фото неисправности. На ноутбуке нет следов физического воздействия, неисправность аппаратная.",Матрица,C223090096,Ноутбук
Проблема с изображением на дисплее,"Возникла проблема с отображением информации на дисплее.
Прошу забрать для диагностики",Матрица,C223090664,Ноутбук
Hа: Ноутбук Сила ООО Газпром бурение,"У ноутбука СИЛА НК2-1404 S/N C222091115 возникла проблема:
На прошлой неделе сотрудник работал как обычно, вечером ушёл домой, утром 
пришёл и на ноутбуке показало, что нет системы
В ходе проверки было обнаружено полное обнуление SSD Диска включая SMART",Диск,C222091115,Ноутбук
Сервер СР2-5422 // После обновления bios и bmc появились ошибки системных кулеров,"Добрый день!
После обновления bios и bmc появились ошибки связанные с системными кулерами (скриншот и выгрузка логов во вложении).
System_Fan_1 sensor crossed a critical low threshold going low. Reading=0.000000 Threshold=100.000000 .
System_Fan_2 sensor crossed a critical low threshold going low. Reading=0.000000 Threshold=100.000000 .
System_Fan_3 sensor crossed a critical low threshold going low. Reading=0.000000 Threshold=100.000000 .
Сброс логов с последующей перезагрузкой bmc не помогли",Материнская плата,D251110015,Сервер
Не работает блок питания,Не работает блок питания на ноутбуке sn C223010123,Блок питания,C223010123,Ноутбук
Ноутбук Сила HK2-1404\ Модернизация WiFi антенны,Необходимо произвести модернизацию WiFi антенны на ноутбуках Сила HK2-1404 S/N C223010918 и C223012938,Wi-fi антенна,C223012938,Ноутбук
+BB0EPgRDBEIEMQRDBDo- +BCEEGAQbBBA- +BB0EGg-2-1404 s/n  +BEEEOwQ+BDwEMA-+BDsEQQRP- +BBEEHw- (+BBIEPgQ7BDMEPgQzBEAEMA-+BDQ-),"Здравствуйте.

                Сломался блок питания (отвалился разъём type-c) у ноутбука СИЛА НК2-1404 серийный номер C222090381.

Эксплуатируется в Волгограде.",Блок питания,C222090381,Ноутбук
Ноутбук СИЛА HK1-1425/ i5-1135G7/8G/m.2 256Gb/В3Y//525455,Не рабочий HDMI,Материнская плата,C111110043,Ноутбук
Неисправность сервера СИЛА // 46919,"Коллеги, добрый день. 
 Просьба принять запрос. 
 Модель: сервер CP2 – 5422
S/N : D252030014 
 Расположение: КВ7 
Описание: Неисправность системы охлаждения сервером + неисправность процессора при полной загрузке ЦП частота не поднимается выше 1ГГц 
 bios 8.3 BMC 1262_2
Дополнительная информация о неисправности во вложении.",Сервер,D252030014,Сервер
"СИЛА CX-1015-12 // HDD fault //  s/n . Вышел из строя диск, пришедший на замену по гарантии","Вышел из строя диск, пришедший на замену по гарантии.  Был в резерве проработал 2 месяца. Прошу открыть заявку на ремонт (замену диска)",Диск,Е213120001,СХД
Неисправность Ноутбук СИЛА НК2-3404 - NTB48577 S/N,"Ноутбук СИЛА НК2-3404 - NTB4857 (S/N: C223090551)
 Описание неисправности – вышла из строя матрица. В нижней части экрана полосы и мерцание. Во вложении фото неисправности. На ноутбуке нет следов физического воздействия, скорее всего неисправность аппаратная.",Матрица,C223090551,Ноутбук
Проблема с клавиатурой ноутбука,"Добрый день!
Перестала работать часть клавиатуры на ноутбуке СИЛА НК2-1404
Серийный номер C222090998
Как можно передать его вам на диагностику",Клавиатура,C222090998,Ноутбук
Ноутбук Сила. Гарантийный ремонт,"Добрый день. 
 Ноутбук СИЛА HK2-1404  S/n C223014758. Не включается",Материнская плата,C223014758,Ноутбук
Неисправность сервера СИЛА // 46920,"Модель: сервер CP2 – 5422
S/N : D252030021 
 Расположение: КВ7 
 Описание: Неисправность системы охлаждения сервера 
 bios 8.3 BMC 1262_2 
 Дополнительная информация во вложении.",Сервер,D252030021,Сервер
FW: Гарантийный случай,"Добрый день 
 по одному из ноутбуков СИЛА НК2-1404 вышел из строя блок питания.",Блок питания,C223014096,Ноутбук
Ноутбук СИЛА НК2-1404 // не устанавливается система,"Добрый день! Нужна гарантийная замена модуля wifi, антенны в наличае",Wi-fi модуль,C223012840,Ноутбук
Неисправность ноутбука Сила,"Добрый день! 
 Ноутбук СИЛА НК2-3404 - NTB48449 (S/N: C223091227)
 Описание неисправности – вышла из строя матрица. В нижней части экрана полосы и мерцание. Во вложении фото неисправности. На ноутбуке нет следов физического воздействия, скорее всего неисправность аппаратная.",Матрица,C223091227,Ноутбук
Ноутбук не включается,Ноутбук не включается. Индикатор зарядки активен,Материнская плата,C223010076,Ноутбук
Сервер СР2-5422 // Ошибки на System Fan 2,Появились ошибки по датчику System Fan 2,Материнская плата,D251110010,Сервер
Гарантийный ремонт 2-х ноутбуков СИЛА,"Добрый день! 
 Выявили дефекты изображения на матрице 2-х приобретённых у вас ноутбуках СИЛА НК2-3404. 
 Серийные номера: 
 1)    С223090320 
 2)    С223091504 
 Прошу организовать работы по гарантийному ремонту.",Матрица,С223090320,Ноутбук
заявка на гарантийный ремонт\замену,"Добрый день.
Серийный номер: С223013250
Неисправность: блок питания не подает заряд
Уточните, пожалуйста, как мы можем заменить неработающий блок питания",Блок питания,C223013250,Ноутбук
Неисправность ноутбука Сила,"Добрый день!
Ноутбук СИЛА НК2-3404 - NTB48553 (S/N: C223090502)
Описание неисправности – вышла из строя матрица. В нижней части экрана полосы и мерцание. На ноутбуке нет следов физического воздействия, скорее всего неисправность аппаратная",Матрица,C223090502,Ноутбук
"HK2-3404 // артефакты, двоение изображения",Полосы на изображении(так же и в BIOS),Матрица,C223090155,Ноутбук
Ноутбук НК2-1404 //Не работает клавиша F1 или срабатывает с задержкой//С223010731,"Добрый день,
после ремонта ноутбука перестала срабатывать кнопка F1 и иногда срабатывает сама и вызывает окно справки в приложения и браузере.
Просьба завести заявку в рамках гарантийного ремонта",Клавиатура,С223010731,Ноутбук
Ноутбук СИЛА HK1-1425/ i5-1135G7/8G/m.2 512Gb/ С112040045 /инв. 525861_ВЛN,"Ноутбук при загрузке 5-10% отвечает на любые действия с задержкой 2-3 секунды, картинка на экране отключается каждые 2-3 секунды при подключенном мониторе и без него, в логах событий многочисленные сбои видеоядра, отключения сетевого драйвера. Перезагрузки и обновления драйверов с проблемой не помогли. 
Порт HDMI в ноутбуке уже давно не работает",Материнская плата,С112040045,Ноутбук
Ноутбук СИЛА HK1-1425/ i5-1135G7/8G/m.2 256Gb//инв. 525698,"Не работает HDMI

Ноутбук СИЛА HK1-1425/ i5-1135G7/8G/m.2 256Gb/C111110003/инв. 525698",Материнская плата,C111110003,Ноутбук
Ноутбук СИЛА HK-1404 // Разбит экран,Добрый день! Отключается экран во врем работы,Материнская плата,C223011480,Ноутбук
СИЛА НК2-1404 // Не включается,Трещат вентиляторы при работе ноутбука,Вентилятор,C223012410,Ноутбук
Ноутбук СИЛА HK1-1425/i5-1135G7/1*16G/m.2 256G/B3Y/С111080061/инв. №525315,Не работает HDMI,Материнская плата,С111080061,Ноутбук
"ноутбук НК2-1404, sn","Добрый день. 
 У ноутбука НК2-1404 перестал определяться  NVME SSD-накопитель, на другом ноутбуке SSD-накопитель работает нормально. 
 Серийный номер ноутбука – C222091591",Материнская плата,C222091591,Ноутбук
Заряд аккумулятора,"Отсутствие заряда аккумулятора, использовались несколько исправных БП для проверки, ноутбук оставался подключенным к БП около суток, светодиод заряда постоянно оранжевого цвета, при отключении БП, ноутбук мгновенно выключается",Аккумулятор,C223100567,Ноутбук
Драйвера НК2-3404 на WIn10x64,"Добрый день.
Просьба выложить актуальные драйвера для НК2-3404 на WIn10x64. На сайте присутствуют только драйвера для Win11. + Сделать разбивку для чего какой драйвер идет.
Также просьба обратить внимание на драйвера для звука. Есть проблема, что при подключении внешних звуковых устройств. Проявляется в 2х вариантах:
1) Звук попросту не идет, хотя в диспетчере подключенное оборудование отображается. Подключение устройств через USB. При отключении стороннего устройства - звук через ноутбук идет корректно.
2) Про подключении док-станции иконка звука в правом нижнем углу становится перечеркнутой, как будто звуковых устройств нет совсем. Лечится только принудительной перезагрузкой с кнопки (часто еще и не с первого раза помогает, приходится по 3-4 раза перезагружать)",Консультация,C223091496,Ноутбук
СИЛА НК2-1404 \нет загрузочного  диска\,"Пропал загрузочный диск.
При включении попадает в BIOS",Диск,C222090950,Ноутбук
Ноутбук НК2-1404 \\  \\ wi-fi,"Не стабильно работает wi-fi, пропадает соединение и в устройствах не отображается, пробовал переустановить драйвера не помогает, после нескольких перезагрузок wi-fi появляется, но через какое то время опять пропадает",Wi-fi антенна,C223012010,Ноутбук
HK2- 1404 // Не работает залипание клавиш  F G  H  отваливается кнопка Backspace,"Добрый день,
запилают клавиши при печати F G H,  отваливается клавиша Backspace
Просьба завести заявку в рамках гарантийного ремонта",Клавиатура,C223010731,Ноутбук
Неисправность сервера СИЛА // 46915,"Модель: сервер CP2 – 5422
S/N : D252030010
 Расположение: КВ7 
 Описание: Неисправность системы охлаждения сервера и модуля управления. 
 Приоритет: 3 
 Приоритет: 3 
 Дополнительная информация во вложении.",Сервер,D252030009,Сервер
Обновление BIOS,"Добрый день. Просьба прислать ссылку на последнюю версию BIOS для HK2-1404
И еще вопрос - планируется ли делать корректный портал с драйверами, чтобы можно было зайти и скачать драйвера в разных редакциях? По каждому случаю не удобно писать заявки на предоставление драйверов",Консультация,C223010446,Ноутбук
Ноутбук СИЛА HK-1404 // полосы на экране,периодические чёрные вертикальные полосы на экране,Материнская плата,C223011328,Ноутбук
Ноутбук СИЛА НК2-1404  // мерцание экрана,"Коллеги, добрый день!
Антон, у нас поломка очередного ноутбука:

Ноутбук СИЛА НК2-1404 1 шт., C223013328
Мерцание монитора
Что делать будем с данной ситуацией",Матрица,C223013328,Ноутбук
полосы на матрице НК2-3404,Полосы на матрице.,Матрица,C223090893,Ноутбук
Полосы и мерцание на мониторе,На ноутбуку СИЛА НК2-3404 появились полосы и мерцание экрана (фото во вложении),Матрица,C223090716,Ноутбук
СИЛА HK2-1404 // Неисправность зарядного устройства ноутбука СИЛА,"Добрый день!
В процессе эксплуатации у пользователя перестало работать зарядное устройство, оба порта type-c ноутбука корректно функционируют, визуально нет следов повреждения, c другими зарядными устройствами ноутбук корректно заряжается. Прошу заменить. Спасибо",Блок питания,"C223011355, C223012685, C223011958",Ноутбук
"СИЛА НК2-3205 // Перечень проблем с ноутбуками СИЛА // Проблемы при подключении к док-станции, второго монитора","Коллеги, добрый день!
Есть ряд ноутбуков которыми пользуются наши сотрудники, у которых возникают общие проблемы, а так же, индивидуальные.
Привожу несколько ноутбуков с описанием проблем от пользователей: 




СИЛА HK2 3205 №C233041042
1)Если подключена док-станция , то часто , не работает USB-C гарнитура(но видна как устройство) . Помогает только отключить док-станцию и гарнитуру -> подключить гарнитуру -> подключить док-станцию . Док станция HP USB-C G5 5TW10AA
2)Не корректно работает со вторым монитором через HDMI . Если при открытой крышке ноутбука , подключить второй монитор , то на дисплее ноутбука начинаем ""моргать"" изображение , а второй монитор не загорается . Помогает только акрытие крышки , ноутбука и затем только подключение второго монитора . Монитор имеет разрешение 3440х1440. Если же подключить  через док-станцию, то проблем не наблюдается",Программное обеспечение,C233041042,Ноутбук
Сила НК2-1404 / перестало работать зарядное устройство для ноутбука,"Сила НК2-1404 / перестало работать зарядное устройство для ноутбука/ C223100251
прошу заменить по гарантии",Блок питания,C223100251,Ноутбук
Не работает ноутбук,"Добрый день!
Ноутбук C223013256 перестал корректно включаться.
После нажатия на кнопку включения загорается индикатор, но кулер не крутится, изображение не появляется.
Прошу помощи в диагностике неисправности, сброс по питанию проблему не решает",Материнская плата,C223013256,Ноутбук
Обновление BIOS и BMC Cube,"Добрый день!
Если были обновления этих компонентов, прошу предоставить для скачивания.
И появился ли у вас какой-то портал с прошивками и инструкциями по оборудованию Сила",Консультация,D263080001,Сервер
СИЛА НК2-1404 // Сломался разъема Адаптера питания// С222090230,Здравствуйте. Сломался разъем Адаптера питания (фото во вложении) ноутбука СИЛА НК2-1404.,Блок питания,С222090230,Ноутбук
Неисправность сервера // 46909,"Коллеги, добрый день.
Просьба принять запрос.
Модель: сервер CP2 – 5422
S/N : D252030013 
 Расположение: КВ7 
 Описание: Неисправность системы охлаждения сервера. 
 Приоритет: 3 
 Дополнительная информация во вложении.",Сервер,D252030013,Сервер
не работоспособность BMC,"Добрый день.

Сервер перестал пускать в BMC возвращая Invalid username or password
Ни под одним из трех пользователей не удается зайти ни по https ни по ssh
После попытки перезагрузки сервер индицирует ошибку (server_leds_18072024.jpg),до загрузки  ОС не доходит.

Таких серверов 4 шт, по каждому сделана отдельная заявка",Материнская плата,"D253040009, D253010009",Сервер
Не работает блок питания,Не работает блок питания,Блок питания,С223092905,Ноутбук
Неисправность ноутбука СИЛА НК2-3404 - NTB48569,"Добрый день! 
 Ноутбук СИЛА НК2-3404 - NTB48569 (S/N: C223090918)
 Описание неисправности – экран ноутбука появились полосы, во вложении фото неисправности. На ноутбуке нет следов физического воздействия, скорее всего неисправность аппаратная.",Матрица,C223090918,Ноутбук
Неисправность Ноутбук СИЛА НК2-3404 - NTB48595 (S/N: ),"Добрый день! 
 Ноутбук СИЛА НК2-3404 - NTB48595 (S/N: C223090725)
 Описание неисправности – вышла из строя матрица. В нижней части экрана полосы и мерцание. 
 Во вложении фото неисправности. На ноутбуке нет следов физического воздействия, скорее всего неисправность аппаратная.",Матрица,C223090725,Ноутбук
"Ноутбук СИЛА HK-1404 // проблемы с включением, с usb-портом","Добрый день! 
Проблемное включение и выключение компьютера. Компьютер не всегда включается даже при полной зарядке, но без подключения по проводу. Иногда включается даже с проводом со второго раза. При определенных условиях компьютер не выходит из режима сна, помогает только принудительное выключение, однако ноутбук не всегда реагирует на нажатую кнопку (вместо положенных 4-х секунд на выключение).
Проблема с одним юсб-портом - не подключается любые внешние устройства. Переустановка драйверов, включение/выключение порта через диспетчер устройств, перезагрузка результата не дали",Материнская плата,C223012662,Ноутбук
СИЛА HK2-1404 // Краш SSD,"Добрый день, на ноутбуке крашится SSD",Оперативная память,C223012059,Ноутбук
Перестал включаться,Перестал включаться,Материнская плата,C223092664,Ноутбук
Не работает блок питания,В течении недели перестал внезапно работать блок питания на ноутбуке  Сила НК2-1404 v2 SN:  C223100360,Блок питания,C223100360,Ноутбук
"Свежая версия BMC Cube, шаблон для Zabbix","Добрый день!
Есть свежая версия BMC Cube для серверов СИЛА CP2-6327?
У нас установлена CUBE_63_PLATFORM_1264_2.
Поддержка мониторинга физических дисков по SNMP еще не добавлена?
Шаблон для Zabbix не появился? У нас есть только ""Template Server Gooxi IPMI""",Консультация,D263120004,Сервер
Полосы на экране,Полосы на экране,Матрица,C223010035,Ноутбук
Не работает зарядка Type-C СИЛА НК2-1404,"Не работает зарядное устройство Type-C СИЛА НК2-1404 // C223101296
От другого устройства зарядка идет корректно.",Блок питания,C223101296,Ноутбук
СИЛА НК2-1404 v2 // Неисправность ноутбука //  С223011138,"Прошу принять в гарантийный ремонт ноутбук ""СИЛА НК2-1404"" s/n: С223011138.
Заявленная неисправность: в процессе работы регулярно появляется ""синий экран"", и ноутбук сам уходит в перезагрузку. Переустановка ОС на ноутбуке проблему не устранило",Диск,C223011138,Ноутбук
СИЛА НК2-1404 // не работает LAN порт // С222090774,"Добрый день.
Ноутбук СИЛА, не работает LAN порт
Серийник: С222090774
Просьба сообщить, действует ли гарантия на данный ноутбук. 

Благодарю.",Wi-fi модуль,С222090774,Ноутбук
Ноутбук не включается,"Ноутбук не включается, постоянно перезагружается, не всегда выходит из спящего режима",Вентилятор,C223100275,Ноутбук
СХД CX4-1127-00 // Неисправный диск,"Добрый день. 
Коллеги, 
Прошу открыть кейс по неисправному диску на dd: dd202.region..ru - Disk 3.49 [SN: ZC1C32DR] Enclosure=3:Disk=49
@dd202-p1(active:0)# alerts show current
Id      Post Time                  Severity   Class               Object                Message
-----   ------------------------   --------   -----------------   -------------------   ------------------------------------------------------------------------
p0-86   Fri Apr  5 06:22:28 2024   ERROR      SystemMaintenance                         EVT-SMTOOL-00001: Error communicating with mail server.
m0-53   Fri May 17 07:50:53 2024   CRITICAL   HardwareFailure     Enclosure=3:Disk=49   EVT-STORAGE-00002: Unable to access a disk and the disk state is failed.
-----   ------------------------   --------   -----------------   -------------------   ------------------------------------------------------------------------
There are 2 active alerts.
@dd202-p1(active:0)#
@dd202-p1(active:0)# system show serial
Serial number: CKM00194301861
@dd202-p1(active:0)# system show model
Model number: DD9800
@dd202-p1(active:0)# enclosure show summary
Enclosure   Model No.   Serial No.       State    OEM Name   OEM Value   Capacity
---------   ---------   --------------   ------   --------   ---------   --------
1           DD9800      NVT10193400046   Online                          4 Slots
2           DS60        FCNCD191700342   Online                          60 Slots
3           DS60        FCNCD191700150   Online                          60 Slots
4           DS60        FCNCD191700305   Online                          60 Slots
5           DS60        FCNCD191700419   Online                          60 Slots
6           DS60        FCNCD191500258   Online                          60 Slots
7           DS60        FCNCD191700040   Online                          60 Slots
8           ES30        CKM00194101704   Online                          15 Slots
---------   ---------   --------------   ------   --------   ---------   --------
8 enclosures present.
@dd202-p1(active:0)# disk show state
Enclosure        Disk
  Row(disk-id)    1  2  3  4  5  6  7  8  9  10 11 12 13 14 15
--------------   ----------------------------------------------
1                 .  .  .  .
2                |--------|--------|--------|--------|
                 | Pack 1 | Pack 2 | Pack 3 | Pack 4 |
     E(49-60)    |.  s  . |.  .  . |.  .  . |.  .  s |
     D(37-48)    |.  .  . |.  .  . |.  .  . |.  .  . |
     C(25-36)    |.  .  . |.  .  . |.  .  . |.  .  . |
     B(13-24)    |.  .  . |.  .  . |.  .  s |.  .  . |
     A( 1-12)    |.  .  . |.  .  . |.  .  . |.  .  s |
                 |--------|--------|--------|--------|
3                |--------|--------|--------|--------|
                 | Pack 1 | Pack 2 | Pack 3 | Pack 4 |
     E(49-60)    |F  .  . |.  .  . |.  .  R |.  .  s |
     D(37-48)    |.  .  . |.  .  . |.  .  . |.  .  . |
     C(25-36)    |s  .  . |.  .  . |.  .  . |.  .  . |
     B(13-24)    |.  .  . |.  .  . |.  .  . |.  .  . |
     A( 1-12)    |s  .  . |.  .  . |.  .  . |.  .  . |
                 |--------|--------|--------|--------|
4                |--------|--------|--------|--------|
                 | Pack 1 | Pack 2 | Pack 3 | Pack 4 |
     E(49-60)    |.  .  s |.  .  . |s  .  s |.  .  . |
     D(37-48)    |.  .  . |.  .  . |s  .  . |.  .  . |
     C(25-36)    |.  .  . |.  .  . |.  .  . |.  .  . |
     B(13-24)    |.  .  . |.  .  . |.  .  . |.  .  . |
     A( 1-12)    |.  .  . |.  .  . |.  .  . |.  .  . |
                 |--------|--------|--------|--------|
5                |--------|--------|--------|--------|
                 | Pack 1 | Pack 2 | Pack 3 | Pack 4 |
     E(49-60)    |.  .  s |.  .  . |.  .  . |.  .  . |
     D(37-48)    |.  .  . |.  .  . |.  .  . |.  .  . |
     C(25-36)    |.  .  . |s  .  . |.  s  . |.  .  . |
     B(13-24)    |.  .  . |.  .  . |.  .  . |.  .  . |
     A( 1-12)    |.  .  . |.  .  . |.  s  . |.  .  . |
                 |--------|--------|--------|--------|
6                |--------|--------|--------|--------|
                 | Pack 1 | Pack 2 | Pack 3 | Pack 4 |
     E(49-60)    |.  .  . |.  .  . |.  .  s |.  .  s |
     D(37-48)    |.  .  . |.  .  . |.  .  . |.  .  . |
     C(25-36)    |.  .  . |.  .  . |.  .  . |.  .  . |
     B(13-24)    |.  .  . |.  .  . |.  s  . |.  s  . |
     A( 1-12)    |.  .  . |.  .  . |.  .  . |.  .  . |
                 |--------|--------|--------|--------|
7                |--------|--------|--------|--------|
                 | Pack 1 | Pack 2 | Pack 3 | Pack 4 |
     E(49-60)    |.  .  . |-  -  - |-  -  - |-  -  - |
     D(37-48)    |.  .  . |-  -  - |-  -  - |-  -  - |
     C(25-36)    |.  .  . |-  -  - |-  -  - |-  -  - |
     B(13-24)    |.  .  . |-  -  - |-  -  - |-  -  - |
     A( 1-12)    |s  .  . |-  -  - |-  -  - |-  -  - |
                 |--------|--------|--------|--------|
8                 .  .  .  .  .  .  .  .  .  .  .  .  .  .  .
--------------   ----------------------------------------------

Legend   State                          Count
------   ----------------------------   -----
.        In Use Disks                   312
s        Spare Disks                    20
R        Spare (reconstructing) Disks   1
F        Failed Disks                   1
-        Not Installed Disks            45
------   ----------------------------   -----
Total 334 disks

Disk    Disks            Progress   Remaining
Group   Reconstructing   (%)        (minutes)
-----   --------------   --------   ---------
dg10    3.57             38         407
-----   --------------   --------",Диск,CKM00194301861,СХД
Гарантийный ремонт,"При включении нового ноутбука из коробки, на экране были обнаружены ""помехи""",Матрица,С223091324,Ноутбук
Ноутбук Сила не работает порт HDMI,"Добрый день
При подключении внешнего монитора по HDMI не выводится изображение на монитор,  при этом основной экран ноутбука работает нормально. Проблема ""плавающая"", не постоянная, т.е. внешний подключенный монитор может работать несколько часов нормально, но потом пропадает изображения, моргает, может вообще изображение с монитора пропасть, при этом основной экран всегда работает нормально",Материнская плата,C112050125,Ноутбук
Сервер СИЛА СР2-5422  // Вышел из строя сетевой SFP модуль,"Добрый день.
На сервере вышел из строя сетевой SFP модуль - нет сигнала
Временно поставили SFP из другого сервера -  сигнал пришел в норму.
Просьба заменить SFP модуль.
Фото сбойного модуля во вложении",SFP модуль,D252110012,Сервер
HK2- 1404 // Не работает звук на ноутбуке,"Добрый день,
Не работают звук на ноутбуке, переустановка и обновление драйверов не помогли.
Просьба завести заявку в рамках гарантийного ремонта",Jack,C223011358,Ноутбук
IBS. СИЛА  хрипит левый динамик,"Добрый день! 
На ноутбуке C111120016 хрипит левый динамик.
Обновление драйверов на звук не помогло.",Динамики,C111120016,Ноутбук
СИЛА НК2-1404//нет звука и видеосигнала,Будьте добры сообщить адрес сервисного центра в г.Липецке,Материнская плата,C222091964,Ноутбук
Проблема с серийным номером СИЛА,"Добрый день! 
 Ранее мы отправляли к вам на ремонт ноутбук по заявке: 
 6452. СИЛА HK2-1404 // Устройство не включается // C223012272 
 Сейчас при настройке мы заметили, что у него серийный номер такой: C2223012272 
 Т.е. имеется лишняя 2-йка в серийном номере. 
 Скрины во вложении. 
 Можете подсказать, можно ли как-то его поменять или сохранится ли за ним гарантия, если так и оставить?",Консультация,C223012272,Ноутбук
НК2-1404 // Не работает Wi-FI (Кашира),На устройстве не работает WiFi,Wi-fi модуль,C223101219,Ноутбук
"Ноутбук СИЛА HK-1404 // замена блоков питания // ,","Добрый день! Не работают блоки питания, прошу заменить",Блок питания,"C223012682, C223011343, C223011380",Ноутбук
Драйвера для ноутбука СИЛА НК2-3404,Добрый день! Получили для тестирования один из ваших ноутбуков. Однако Win10 отказывается ставить даже половину драйверов. Если у вас имеется пак драйверов для Win 10 прошу предоставить,Консультация,C223090609,Ноутбук
Сервер СР2-5422 // Системные ошибки,"Добрый вечер! На сервере появились системные ошибки. Скрин и логи прилагаю.
Предварительно на 03.09.24 (совместно с работами по замене серверов) инженерам необходимо по возможности устранить проблему или согласовать новую платформу",Материнская плата,D251110041,Сервер
открыть кейс по неисправному диску на dd:  dd204.region..ru  Enclosure=2:Disk=12,"Добрый день. 
Коллеги, 
Прошу открыть кейс по неисправному диску на dd: dd204.region..ru - Disk 2.12 [SN: ZC1C5RLH] Enclosure=2:Disk=12
@dd204-p1(active:1)# alerts show current
Id       Post Time                  Severity   Class               Object                Message                                                               
------   ------------------------   --------   -----------------   -------------------   ------------------------------------------------------------------------
p1-831   Thu Apr 11 12:17:03 2024   ERROR      SystemMaintenance                         EVT-SMTOOL-00001: Error communicating with mail server.               
m0-27    Tue May 14 21:41:28 2024   CRITICAL   HardwareFailure     Enclosure=2:Disk=12   EVT-STORAGE-00002: Unable to access a disk and the disk state is failed.
------   ------------------------   --------   -----------------   -------------------   ------------------------------------------------------------------------
There are 2 active alerts.
@dd204-p1(active:1)#
@dd204-p1(active:1)# enclosure show summary
Enclosure   Model No.   Serial No.       State    OEM Name   OEM Value   Capacity
---------   ---------   --------------   ------   --------   ---------   --------
1           DD9800      NVT10193200087   Online                          4 Slots
2           DS60        FCNCD191900145   Online                          60 Slots
3           DS60        FCNCD191900153   Online                          60 Slots
4           DS60        FCNCD191900069   Online                          60 Slots
5           DS60        FCNCD191900155   Online                          60 Slots
6           ES30        CKM00194101700   Online                          15 Slots
7           DS60        FCNCD191700370   Online                          60 Slots
---------   ---------   --------------   ------   --------   ---------   --------
7 enclosures present.
@dd204-p1(active:1)# system show model
Model number: DD9800
@dd204-p1(active:1)# disk show state
Enclosure        Disk
  Row(disk-id)    1  2  3  4  5  6  7  8  9  10 11 12 13 14 15
--------------   ----------------------------------------------
1                 .  .  .  .
2                |--------|--------|--------|--------|
                 | Pack 1 | Pack 2 | Pack 3 | Pack 4 |
     E(49-60)    |.  .  s |.  .  s |.  .  . |.  .  s |
     D(37-48)    |.  .  . |.  .  . |.  .  . |.  .  . |
     C(25-36)    |.  .  . |.  .  . |.  .  . |.  .  . |
     B(13-24)    |.  .  . |.  .  . |.  .  . |.  .  . |
     A( 1-12)    |.  .  . |.  .  . |.  .  . |.  .  F |
                 |--------|--------|--------|--------|
3                |--------|--------|--------|--------|
                 | Pack 1 | Pack 2 | Pack 3 | Pack 4 |
     E(49-60)    |.  .  . |.  .  . |.  .  s |.  s  s |
     D(37-48)    |.  .  . |.  .  . |.  .  . |.  .  . |
     C(25-36)    |.  .  . |.  .  . |.  .  . |.  .  . |
     B(13-24)    |.  .  . |.  .  . |.  .  . |.  .  s |
     A( 1-12)    |.  .  . |.  .  . |.  .  . |.  .  . |
                 |--------|--------|--------|--------|
4                |--------|--------|--------|--------|
                 | Pack 1 | Pack 2 | Pack 3 | Pack 4 |
     E(49-60)    |.  .  s |.  .  s |.  .  s |.  .  s |
     D(37-48)    |.  .  . |.  .  . |.  .  . |.  .  . |
     C(25-36)    |.  .  . |.  .  . |.  .  . |.  .  . |
     B(13-24)    |.  .  . |.  .  . |.  .  . |.  .  . |
     A( 1-12)    |.  .  . |.  .  . |.  .  . |.  .  . |
                 |--------|--------|--------|--------|
5                |--------|--------|--------|--------|
                 | Pack 1 | Pack 2 | Pack 3 | Pack 4 |
     E(49-60)    |.  .  . |.  .  s |.  .  s |.  .  . |
     D(37-48)    |.  .  . |.  .  . |.  .  . |.  .  . |
     C(25-36)    |.  .  . |.  .  . |.  .  . |.  .  . |
     B(13-24)    |.  .  . |.  .  . |.  .  . |.  .  . |
     A( 1-12)    |.  .  . |.  .  . |.  .  s |.  .  s |
                 |--------|--------|--------|--------|
6                 .  .  .  .  .  .  .  .  .  .  .  .  .  .  .
7                |--------|--------|--------|--------|
                 | Pack 1 | Pack 2 | Pack 3 | Pack 4 |
     E(49-60)    |s  .  . |-  -  - |-  -  - |-  -  - |
     D(37-48)    |.  .  . |-  -  - |-  -  - |-  -  - |
     C(25-36)    |.  .  . |-  -  - |-  -  - |-  -  - |
     B(13-24)    |.  .  . |-  -  - |-  -  - |-  -  - |
     A( 1-12)    |.  .  . |-  -  - |-  -  - |-  -  - |
                 |--------|--------|--------|--------|
--------------   ----------------------------------------------
Legend   State                 Count
------   -------------------   -----
.        In Use Disks          257
s        Spare Disks           16
F        Failed Disks          1
-        Not Installed Disks   45
------   -------------------   -----
Total 274 disks
@dd204-p1(active:1)# disk show hardware
Disk         Slot   Manufacturer/Model                        Firmware   Serial No.                 Capacity    Type
(enc/disk)
----------   ----   ---------------------------------------   --------   ------------------------   ---------   --------
1.1          0      SHSAT6P400GLM21EMC____________118000533   FW1188     SPG1927044V                372.6 GiB   SATA-SSD
1.2          1      SHSAT6P400GLM21EMC____________118000533   FW1188     SPG19270455                372.6 GiB   SATA-SSD
1.3          2      SHSAT6P400GLM21EMC____________118000533   FW1188     SPG1927045H                372.6 GiB   SATA-SSD
1.4          3      SHSAT6P400GLM21EMC____________118000533   FW1188     SPG19270444                372.6 GiB   SATA-SSD
2.1          A0     SEAGATE STMFSND2CLAR4000                  BS03       ZC1C5ZX1                   3.6 TiB     SAS
2.2          A1     SEAGATE STMFSND2CLAR4000                  BS03       ZC1C5Z4F                   3.6 TiB     SAS
2.3          A2     SEAGATE STMFSND2CLAR4000                  BS03       ZC1C6116                   3.6 TiB     SAS
2.4  
__________________________________
Полный текст обращения смотри в ""Оригинал письма.eml""",Диск,CKM00194401300,СХД
Гарантия,Будьте добры сообщить адрес сервисного центра в г.Липецке,Диск,С222091091,Ноутбук
Ошибки диска Enclosure=4:Disk=49 dd501,"Коллеги, добрый день.
Прошу открыть заявку по неисправному диску на Data Domain
sysadmin@dd501-p1(active:1)# alerts show current
Id      Post Time                  Severity   Class             Object                Message
-----   ------------------------   --------   ---------------   -------------------   ------------------------------------------------------------------------
m0-40   Sun Aug 25 21:21:19 2024   CRITICAL   HardwareFailure   Enclosure=4:Disk=49   EVT-STORAGE-00002: Unable to access a disk and the disk state is failed.
-----   ------------------------   --------   ---------------   -------------------   ------------------------------------------------------------------------
There is 1 active alert.
sysadmin@dd501-p1(active:1)# system show serialno
Serial number: CKM00194300974",Диск,CKM00194300974,Сервер
СИЛА НК2-1404  // Не работает зарядное устройство Type-C,"Не работает зарядное устройство Type-C СИЛА НК2-1404 
Ноутбук от другого устройста заряжается корректно.",Блок питания,C223010757,Ноутбук
вылетели 9 дисков и перезагрузилась резервная нода dd503,"Прошу открыть кейс.
Вылетели 9 дисков на датадомене dd503
Хронология:
Вылетели 2 диска,
перезагрузилась пассивная нода,
вылетели еще 7 дисков.
Дополнительно отобразилось уведомление <Active tier is low on spares>.
Все произошло в течении получаса.
@dd503-p1(active:1)# system show serial
Serial number: CKM01212505744
@dd503-p1(active:1)# system show model
Model number: DD9900 E
@dd503-p1(active:1)# alerts show current
Id      Post Time                  Severity   Class             Object                Message
-----   ------------------------   --------   ---------------   -------------------   ------------------------------------------------------------------------
m0-15   Wed Jan 31 22:17:26 2024   CRITICAL   HardwareFailure   Enclosure=2:Disk=59   EVT-STORAGE-00002: Unable to access a disk and the disk state is failed.
m0-16   Wed Jan 31 22:17:27 2024   CRITICAL   HardwareFailure   Enclosure=4:Disk=42   EVT-STORAGE-00002: Unable to access a disk and the disk state is failed.
m0-17   Wed Jan 31 22:33:23 2024   CRITICAL   HardwareFailure   Enclosure=2:Disk=2    EVT-STORAGE-00002: Unable to access a disk and the disk state is failed.
m0-18   Wed Jan 31 22:33:25 2024   CRITICAL   HardwareFailure   Enclosure=3:Disk=6    EVT-STORAGE-00002: Unable to access a disk and the disk state is failed.
m0-19   Wed Jan 31 22:33:26 2024   CRITICAL   HardwareFailure   Enclosure=3:Disk=17   EVT-STORAGE-00002: Unable to access a disk and the disk state is failed.
m0-20   Wed Jan 31 22:33:28 2024   CRITICAL   HardwareFailure   Enclosure=3:Disk=32   EVT-STORAGE-00002: Unable to access a disk and the disk state is failed.
m0-21   Wed Jan 31 22:33:29 2024   CRITICAL   HardwareFailure   Enclosure=3:Disk=50   EVT-STORAGE-00002: Unable to access a disk and the disk state is failed.
m0-22   Wed Jan 31 22:33:30 2024   CRITICAL   HardwareFailure   Enclosure=3:Disk=58   EVT-STORAGE-00002: Unable to access a disk and the disk state is failed.
m0-23   Wed Jan 31 22:33:31 2024   CRITICAL   HardwareFailure   Enclosure=4:Disk=24   EVT-STORAGE-00002: Unable to access a disk and the disk state is failed.
m0-24   Wed Jan 31 22:33:34 2024   WARNING    Storage           Tier=1                EVT-STORAGE-00013: Active tier is low on spares.
-----   ------------------------   --------   ---------------   -------------------   ------------------------------------------------------------------------
There are 10 active alerts.
@dd503-p1(active:1)# enclosure show summary
Enclosure   Model No.   Serial No.       State    OEM Name   OEM Value   Capacity
---------   ---------   --------------   ------   --------   ---------   --------
1           DD9900 E    CNWS30011F0045   Online                          4 Slots
2           DS60        52J5L83          Online                          60 Slots
3           DS60        28J5L83          Online                          60 Slots
4           DS60        91J5L83          Online                          60 Slots
5           DS60        42J5L83          Online                          60 Slots
6           FS25        1Y85L83          Online                          25 Slots
---------   ---------   --------------   ------   --------   ---------   --------
6 enclosures present.
@dd503-p1(active:1)# disk show state
Enclosure        Disk
  Row(disk-id)    1  2  3  4  5  6  7  8  9  10 11 12 13 14 15 16 17 18 19 20 21 22 23 24 25
--------------   ----------------------------------------------------------------------------
1                 s  .  .  .
2                |--------|--------|--------|--------|
                 | Pack 1 | Pack 2 | Pack 3 | Pack 4 |
     E(49-60)    |.  .  s |.  .  s |.  .  s |.  F  . |
     D(37-48)    |.  .  . |.  .  . |.  .  . |.  .  . |
     C(25-36)    |.  .  . |.  .  . |.  .  . |.  .  . |
     B(13-24)    |.  .  . |.  .  . |.  .  . |.  .  . |
     A( 1-12)    |.  F  . |.  .  . |.  .  . |.  .  . |
                 |--------|--------|--------|--------|
3                |--------|--------|--------|--------|
                 | Pack 1 | Pack 2 | Pack 3 | Pack 4 |
     E(49-60)    |.  F  . |.  .  s |.  .  s |F  .  R |
     D(37-48)    |.  .  . |.  .  . |.  .  . |.  R  . |
     C(25-36)    |.  .  . |.  .  . |.  F  . |.  .  . |
     B(13-24)    |.  .  . |.  F  . |.  .  . |.  .  . |
     A( 1-12)    |.  .  . |.  .  F |.  .  . |.  .  . |
                 |--------|--------|--------|--------|
4                |--------|--------|--------|--------|
                 | Pack 1 | Pack 2 | Pack 3 | Pack 4 |
     E(49-60)    |.  .  s |.  .  s |.  .  s |.  .  . |
     D(37-48)    |.  .  . |.  .  F |.  .  . |.  .  . |
     C(25-36)    |.  .  . |.  .  . |.  .  . |.  .  . |
     B(13-24)    |.  .  . |.  .  . |.  .  . |.  .  F |
     A( 1-12)    |.  .  . |.  .  . |.  .  . |.  .  . |
                 |--------|--------|--------|--------|
5                |--------|--------|--------|--------|
                 | Pack 1 | Pack 2 | Pack 3 | Pack 4 |
     E(49-60)    |.  .  s |-  -  - |-  -  - |-  -  - |
     D(37-48)    |.  .  . |-  -  - |-  -  - |-  -  - |
     C(25-36)    |.  .  . |-  -  - |-  -  - |-  -  - |
     B(13-24)    |.  .  . |-  -  - |-  -  - |-  -  - |
     A( 1-12)    |.  .  . |-  -  - |-  -  - |-  -  - |
                 |--------|--------|--------|--------|
6                 .  .  .  .  .  .  .  .  .  .  -  -  -  -  -  -  -  -  -  -  -  -  -  -  -
--------------   ----------------------------------------------------------------------------
Legend   State                          Count
------   ----------------------------   -----
.        In Use Disks                   188
s        Spare Disks                    10
R        Spare (reconstructing) Disks   2
F        Failed Disks                   9
-        Not Installed Disks            60
------   ----------------------------   -----
Total 209 disks
Disk    Disks       
__________________________________
Полный текст обращения смотри в ""Оригинал письма.eml""",Диск,CKM01212505744,СХД
HK2-1404,"Добрый день! 
 Прошу взять в гарантийный ремонт ноутбук СИЛА нк2-1404 C223013523 
 Неисправности: 
 Повреждена матрица ноутбука(видео прикладываю)",Матрица,C223013523,Ноутбук
СИЛА HK-1404 // Рябит экран,"Добрый день! Рябит экран, видео в описании",Матрица,C223012603,Ноутбук
гарантийный ремонт.Отпала клавиша,"Добрый день! 
 Ноутбук сила HK2-1404, sn C223013450 . 
 Отпала клавиша «8». Фото приложено 
 Прошу взять в гарантийный ремонт.",Клавиатура,C223013450,Ноутбук
Звук и микрофон не активны на ноутбуке Сила ruc223012961,перестали работать Звук и микрофон не активны на ноутбуке Сила ruc223012961,Материнская плата,c223012961,Ноутбук
вопрос по ремонту,"Добрый день!
В прошлом году покупали у Вас ноутбуки в количестве 20 
штук.
На данный момент на трех из них есть проблемы.
На первом не работает вентилятор, на втором проблема с экраном (скрин во 
вложении), на третьем тоже вентилятор + не переустанавливается ОС, 
ошибка при копировании установочных файлов.
Какие наши дальнейшие действия?
--",Матрица,C223012127,Ноутбук
Ноутбук СИЛА HK1-1427/ i5-1135G7/16G/m.2 512Gb/С111120102/инв. № 525600,"При подключение USB наушников, замедляется работа ПК и начинается самопроизвольно меняться раскладка языка на клавиатуре. Обновление драйверов ПК проблема не устранима, с другими наушниками ситуация такая же",Консультация,С111120102,Ноутбук
Не включается дисплей,Не включается дисплей,Материнская плата,C223093407,Ноутбук
HK2-1404 // Проблема с матрицей и портом type-c,"Добрый день!
На дисплее время от времени появляются полосы, иногда проходит само, если нет, то помогает перезагрузка.
Ещё не работает один порт type-c.",Материнская плата,C223012100,Ноутбук
СИЛА НК2-1404//нет звука,Будьте добры сообщить адрес сервисного центра в г.Липецке,Консультация,C222091827,Ноутбук
СИЛА НК2-1404 // Погнутость крышки // С223012632,"Добрый день, коллеги. Обнаружили погнутость крышки, фото во вложении. Хотим передать на диагностику",Корпус,C223012632,Ноутбук
Ноутбук СИЛА HK-1404 не заряжается с type-c портов,"Laptops: ноутбук не заряжается. Проверено несколько зарядок, работающих на других ноутбуках.
SILA NK2-1404 i7	C223011046",Материнская плата,C223011046,Ноутбук
Ноутбук Сила НК2-3404,"Добрый день.
Нам поступили ноутбуки Сила НК2-3404 и нужны драйвера для корпоративной Win 10 Версия 22H2",Консультация,"C223091216, C223091307, C223091468, C223091751, C223090099, C223090635, C223091364, C223091547, C223091736, C223091275, C223091861, C223090091, C223090302, C223090269, C223090214",Ноутбук
Ноутбук Сила HK2-3404 (SN: ),"Ноутбук Сила HK2-3404 (SN: C223091736)
Из коробки  индикация не реагирует на подключение блока питания.
Не включается.
Проверено несколько БП, оба порта USB type C",Материнская плата,C223091736,Ноутбук
Не включается SILA LLC HK2-3404,"Добрый день!
Подскажите пожалуйста что может, имею ПК SILA LLC HK2-3404 №C223094534.
Села батарейка при работе в автономном режиме, поставил на зарядку нажал на запуск запустился а потом выключился и больше не включается.
И не понятно идёт заряд или нет, что можно сделать",Материнская плата,C223094534,Ноутбук
СИЛА HK2-1404// Не работает зарядное устройство,Перестало работать зарядное устройство. С другим работает корректно,Блок питания,C223100876,Ноутбук
"Полосы на экране. полосы могут появиться не сразу, а через некоторое время после включения","Полосы на экране. полосы могут появиться не сразу, а через некоторое время после включения.",Матрица,C223090696,Ноутбук
Заряд аккумулятора,"Не держит заряд, хотя недавно был полный",Аккумулятор,C223100567,Ноутбук
СИЛА НК2-3205,"Добрый день,
У нас возникли проблемы с несколькими ноутбуками.
Серийный номер C233041042",Программное обеспечение,C233041042,Ноутбук
СИЛА HK2-1404,На ноутбуке крашится SSD,Оперативная память,C223012059,Ноутбук
Сервер СИЛА СР2-5422,"Добрый день.
На сервере вышел из строя сетевой модуль.",SFP модуль,D252110012,Сервер
HK2- 1404,"Добрый день, не работают звук на ноутбуке, причина неизвестна.",Jack,C223011358,Ноутбук
IBS. СИЛА хрипит левый динамик,Добрый день! На ноутбуке C111120016 хрипит левый динамик.,Динамики,C111120016,Ноутбук
СИЛА НК2-1404,"Добрый день, коллеги. Обнаружили деформацию крышки корпуса ноутбука с серийным номером C223012632.",Корпус,C223012632,Ноутбук
Заряд аккумулятора,"Быстро разряжается, несмотря на недавнюю полную зарядку",Аккумулятор,C223100567,Ноутбук
СИЛА НК2-3205,"Добрый день, у нас возникли проблемы с несовместимостью программного обеспечения. Серийный номер нашего устройства C233041042.",Программное обеспечение,C233041042,Ноутбук
Сервер СИЛА СР2-5422,Добрый день. На сервере вышел из строя сетевой модуль SFP с серийным номером D252110012.,SFP модуль,D252110012,Сервер
СИЛА НК2-1404,"Добрый день, коллеги. Обнаружили деформацию крышки на устройстве с серийным номером C223012632.",Корпус,C223012632,Ноутбук
Ноутбук НК2-1404,"Нестабильно работает Wi-Fi, периодически пропадает соединение.",Wi-fi антенна,C223012010,Ноутбук
Заряд аккумулятора,"Быстро теряет заряд, даже после полной зарядки",Аккумулятор,C223100567,Ноутбук
СИЛА НК2-3205,"Добрый день, у нас возникли проблемы с несовпадением серийных номеров на оборудовании.",Программное обеспечение,C233041042,Ноутбук
SLA-1404,На устройстве возникают сбои с накопителем,Оперативная память,C223012059,Ноутбук
Сервер СИЛА СР2-5422,Добрый день. На сервере вышла из строя сетевая карта.,SFP модуль,D252110012,Сервер
HK2-1404,"Добрый день, не функционирует звук на ноутбуке, при подключении наушников звук не воспроизводится.",Jack,C223011358,Ноутбук
Ноутбук,Сила НК2-1404 v2  SN: C223100312 не работает совсем,Wi-fi модуль,C223100312,Ноутбук
Ноутбук НК2-1404,"Периодически пропадает подключение к Wi-Fi, возникают ошибки при установлении соединения.",Wi-fi антенна,C223012010,Ноутбук
Проблема с клавиатурой ноутбука,Добрый день! Перестали работать некоторые клавиши на клавиатуре моего ноутбука.,Клавиатура,C222090998,Ноутбук
HK2-1404,"Добрый день, не функционирует звук на ноутбуке, при подключении наушников звук не работает.",Jack,C223011358,Ноутбук
Ноутбук,Сила НК2-1404 v2 не работает с Wi-Fi после обновления драйверов,Wi-fi модуль,C223100312,Ноутбук
Ноутбук НК2-1404,"Нестабильно работает Wi-Fi, периодически пропадает соединение...",Wi-fi антенна,C223012010,Ноутбук
Проблема с клавиатурой ноутбука,Добрый день! Не работают некоторые клавиши на клавиатуре моего ноутбука.,Клавиатура,C222090998,Ноутбук
СИЛА НК2-3205,"Добрый день, у нас возникли проблемы с несовпадением серийных номеров в программном обеспечении.",Программное обеспечение,C233041042,Ноутбук
SLA на HK2-1404,На ноутбуке нестабильно работает накопитель,Оперативная память,C223012059,Ноутбук
HK2- 1404,"Добрый день, не работают звук на ноутбуке, проблема с разъемом Jack, серийный номер C223011358.",Jack,C223011358,Ноутбук
IBS. СИЛА хрипит левый динамик,Добрый день! На устройстве с серийным номером C111120016 наблюдается хрипение левого динамика.,Динамики,C111120016,Ноутбук
СР2-5422 после обновления BIOS и BMC,Добрый день! После обновления BIOS и BMC вентилятор на сервере начал работать с перебоями.,Вентилятор,D251110031,Сервер
Ноутбук СИЛА НК2-1404,Добрый день! Нужна гарантийная замена модуля Wi-Fi.,Wi-fi модуль,C223012840,Ноутбук
СИЛА НК2-1404,При работе ноутбука слышен треск вентиляторов,Вентилятор,C223012410,Ноутбук
Проблемы с ноутбуком NB2-1404,"Добрый день, коллеги. Мы обнаружили деформацию корпуса на нашем устройстве с серийным номером C223012632.",Корпус,C223012632,Ноутбук
Проблема с клавиатурой ноутбука,Добрый день! Не работают некоторые клавиши на моей клавиатуре.,Клавиатура,C222090998,Ноутбук
Заряд аккумулятора,"Быстро разряжается, даже после полной зарядки",Аккумулятор,C223100567,Ноутбук
СИЛА НК2-3205,"Добрый день, у нас возникли проблемы с несовпадением серийного номера и типа оборудования.",Программное обеспечение,C233041042,Ноутбук
SLA-1404,На устройстве периодически возникают ошибки с накопителем,Оперативная память,C223012059,Ноутбук
Сервер СИЛА СР2-5422,Добрый день. На нашем сервере возникла проблема с сетевым оборудованием.,SFP модуль,D252110012,Сервер
IBS. Хрипит левый динамик,Добрый день! На ноутбуке C111120016 не работает левый динамик.,Динамики,C111120016,Ноутбук
Ноутбук,Система HP 290 G2 SN: C223100312 не функционирует должным образом с...,Wi-fi модуль,C223100312,Ноутбук
Ноутбук НК2-1404,"Периодически пропадает подключение к Wi-Fi, возможно, проблема с драйверами беспроводного адаптера.",Wi-fi антенна,C223012010,Ноутбук
Неисправность сервера,"Модель: сервер CP2 – 5422
S/N : D252030011",Сервер,D252030011,Сервер
HK2- 1404,"Добрый день, залипание клавиш при печати F ...",Клавиатура,C223010731,Ноутбук
SLA-1404,На ноутбуке происходит сбой накопителя SSD,Оперативная память,C223012059,Ноутбук
HK2-1404,"Добрый день, не функционирует звук на ноутбуке, проблема с разъемом Jack, серийный номер C223011358.",Jack,C223011358,Ноутбук
IBS. СИЛА хрипит левый динамик,Добрый день! На устройстве C111120016 наблюдается хрипение левого динамика.,Динамики,C111120016,Ноутбук
Ноутбук НК2-1404,"Периодически пропадает подключение к Wi-Fi, возможны обрывы связи.",Wi-fi антенна,C223012010,Ноутбук
Проблемы с ноутбуком NB2-1404,"Добрый день, коллеги. Мы обнаружили деформацию корпуса и трещины на экране ноутбука с серийным номером C223012632.",Корпус,C223012632,Ноутбук
СР2-5422 после обновления BIOS и BMC,Добрый день! После обновления BIOS и BMC возникли проблемы с вентилятором.,Вентилятор,D251110031,Сервер
Неисправность сервера,"Коллеги, добрый день.",Сервер,D252030012,Сервер
HK2-1404,"Добрый день, не работает звук на ноутбуке...",Jack,C223011358,Ноутбук
IBS. СИЛА хрипит левый динамик,Добрый день! На устройстве C111120016 наблюдается проблема с левым динамиком.,Динамики,C111120016,Ноутбук
Ноутбук,Сбой в работе модели Сила НК2-1404 v2 после обновления драйверов беспроводной сети,Wi-fi модуль,C223100312,Ноутбук
Неисправность сервера,"Добрый день, коллеги. К сожалению, наш сервер с серийным номером D252030012 вышел из строя.",Сервер,D252030012,Сервер
Заряд аккумулятора,Быстро теряет заряд после полной зарядки,Аккумулятор,C223100567,Ноутбук
HK2-1404,"Добрый день, не функционирует аудио на компьютере...",Jack,C223011358,Ноутбук
Ноутбук НК2-1404,"Нестабильно работает Wi-Fi, периодически пропадает соединение",Wi-fi антенна,C223012010,Ноутбук
Проблемы с охлаждением ноутбука,При работе ноутбука слышен шум от вентиляторов,Вентилятор,C223012410,Ноутбук
СИЛА НК2-1404 // не работает LAN порт // С2220,Добрый день. Ноутбук СИЛА. Не работает LAN порт. Серийный номер С222090774.,Wi-fi модуль,С222090774,Ноутбук
Проблемы с СХД,Вылетели 9 дисков и перезагрузилась резервная система.,Диск,CKM01212505744,СХД
Неисправность сервера,"Добрый день, коллеги.
Прошу принять запрос на ремонт оборудования с серийным номером D252030013.",Сервер,D252030013,Сервер
Обновление BMC Cube для Zabbix,"Доброго времени суток! У нас есть обновленная версия BMC Cube для Zabbix, которую мы хотели бы вам предложить.",Консультация,D263120004,Сервер
гарантийный ремонт,"Добрый день! Ноутбук HK2-1404, серийный номер C223013450. Отпала клавиша.",Клавиатура,C223013450,Ноутбук
Ноутбук,Проблемы с работой модели Сила НК2-1404 v2 после обновления драйверов беспроводной сети,Wi-fi модуль,C223100312,Ноутбук
Проблемы с ноутбуком NB2-1404,"Добрый день, коллеги. Мы обнаружили повреждение корпуса ноутбука с серийным номером C223012632.",Корпус,C223012632,Ноутбук
Гарантия,"Пожалуйста, уточните контактные данные ближайшего авторизованного сервисного центра...",Диск,С222091091,Ноутбук
Неисправность сервера,"Модель: сервер CP2 – 5422
S/N : D252030021",Сервер,D252030021,Сервер
Заряд аккумулятора,"Не держит заряд, использовался в течение нескольких лет",Аккумулятор,C223100567,Ноутбук
HK2-1404,"Добрый день, не функционирует звук на ноутбуке, конкретно проблема с разъемом Jack.",Jack,C223011358,Ноутбук
СИЛА НК2-1404,При работе ноутбука слышен шум от системы охлаждения,Вентилятор,C223012410,Ноутбук
Ноутбук,"Система HP 290 G2 не функционирует должным образом, проблема с Wi-Fi модулем",Wi-fi модуль,C223100312,Ноутбук
Открыть кейс по неисправному диску,Добрый день. Прошу открыть дело по неисправному диску с серийным номером CKM00194401300.,Диск,CKM00194401300,СХД
Драйвера для ноутбука,Доброго дня! Ми отримали для тестування один з моделей ноутбуків.,Консультация,C223090609,Ноутбук
SLA-7654,На компьютере не работает видеокарта,Оперативная память,C223012059,Ноутбук
Проблемы с динамиком,Добрый день! На ноутбуке C111120016 не работает левый динамик.,Динамики,C111120016,Ноутбук
Ноутбук НК2-1404,"Периодически пропадает подключение к Wi-Fi, возникают сбои в работе беспроводной сети.",Wi-fi антенна,C223012010,Ноутбук
НК2-1404,Не удается подключиться к Wi-Fi сети,Wi-fi модуль,C223101219,Ноутбук
Проблемы с ноутбуком NB2-1404,"Добрый день, коллеги. Мы обнаружили искривление корпуса ноутбука с серийным номером C223012632.",Корпус,C223012632,Ноутбук
Открыть кейс по неисправному диску,Добрый день. Прошу открыть кейс по неисправному диску с серийным номером CKM00194401300.,Диск,CKM00194401300,СХД
Ноутбук,"При подключении USB наушников, система начинает заметно тормозить.",Консультация,С111120102,Ноутбук
HK2-1404,"Добрый день, некорректная работа клавиш F при печати...",Клавиатура,C223010731,Ноутбук
СИЛА НК2-3205,"Добрый день, у нас возникли проблемы с несовпадением серийного номера ноутбука.",Программное обеспечение,C233041042,Ноутбук
Проблемы с сервером СИЛА СР2-5422,"Добрый день. На нашем сервере возникла проблема с SFP модулем, серийный номер D252110012.",SFP модуль,D252110012,Сервер
Ноутбук НК2-1404,"Периодически пропадает подключение к Wi-Fi, требуется перезагрузка для восстановления соединения.",Wi-fi антенна,C223012010,Ноутбук
Гарантийный ремонт ноутбука СИЛА НК2-1404 v2,Прошу принять в гарантийный ремонт ноутбук с проблемой с диском.,Диск,C223011138,Ноутбук
Неисправность сервера,"Модель: сервер CP2 – 5422
S/N : D252030010",Сервер,D252030009,Сервер
СИЛА НК2-1404//нет звука,Прошу предоставить информацию о ближайшем сервисном центре...,Консультация,C222091827,Ноутбук
Заряд аккумулятора,Быстро разряжается после полной зарядки,Аккумулятор,C223100567,Ноутбук
SLA-1404,На устройстве происходит сбой накопителя SSD,Оперативная память,C223012059,Ноутбук
Проблемы с сервером,Добрый день. На нашем сервере возникли проблемы с оборудованием...,SFP модуль,D252110012,Сервер
IBS. СИЛА хрипит левый динамик,Добрый день! На устройстве с серийным номером C111120016 наблюдается проблема с левым динамиком.,Динамики,C111120016,Ноутбук
Проблемы с охлаждением ноутбука,При работе ноутбука слышен треск вентиляторов,Вентилятор,C223012410,Ноутбук
Ноутбук,Система HP 290 G2 не функционирует должным образом. Серийный номер: C223100312.,Wi-fi модуль,C223100312,Ноутбук
Неисправность сервера,"Добрый день, коллеги. Прошу принять информацию о необходимости замены сервера с серийным номером D252030019.",Сервер,D252030019,Сервер
Не работает зарядка Type-C,Проблемы с зарядным устройством Type-C,Блок питания,C223101296,Ноутбук
Ноутбук,Система HP 290 G2 не функционирует должным образом. Проблемы с Wi-Fi модулем.,Wi-fi модуль,C223100312,Ноутбук
Гарантийный ремонт ноутбука,Прошу принять в гарантийный ремонт ноутбук с проблемой с диском.,Диск,C223011138,Ноутбук
Неисправность сервера,"Добрый день, коллеги. Прошу принять информацию о проблеме с оборудованием.",Сервер,D252030019,Сервер
Драйвера для ноутбука,Доброго дня! Мы получили для тестирования один из последних образцов...,Консультация,C223090609,Ноутбук
Ноутбук НК2-1404,"Добрый день, после ремонта ноутбука перестала работать клавиша F1.",Клавиатура,С223010731,Ноутбук
HK2-1404,"Добрый день, не работает звук на компьютере...",Jack,C223011358,Ноутбук
Ноутбук,Необходимо произвести модернизацию WiFi антенны,Wi-fi антенна,C223012938,Ноутбук
Ноутбук СИЛА HK-1404,"Доброго дня! Не працюють блоки живлення, прошу...",Блок питания,"['C223012682', 'C223011343', 'C223011380']",Ноутбук
Проблемы с СХД,Вылетело несколько дисков и потребовалась перезагрузка резервной системы хранения данных.,Диск,CKM01212505744,СХД
Проблема с серийным номером,Добрый день! Ранее мы отправляли к вам на обслуживание ноутбук с серийным номером C223012272. Сейчас возникла проблема с этим устройством.,Консультация,C223012272,Ноутбук
Заряд аккумулятора,"Быстро разряжается, хотя используется недолго и заряжен недавно.",Аккумулятор,C223100567,Ноутбук
HK2-1404,"Добрый день, не функционирует аудио на ноутбуке...",Jack,C223011358,Ноутбук
IBS. СИЛА хрипит левый динамик,Доброго дня! На пристрої з серійним номером...,Динамики,C111120016,Ноутбук
Проблемы с системой охлаждения ноутбука,"При работе ноутбука слышен громкий шум вентилятора, который мешает нормальной работе.",Вентилятор,C223012410,Ноутбук
Проблемы с СХД,Вылетело несколько дисков и резервная копия была нарушена.,Диск,CKM01212505744,СХД
Неисправность сервера,"Добрый день, коллеги. Прошу принять запрос о неисправности сервера с серийным номером D252030013.",Сервер,D252030013,Сервер
Обновление BMC Cube для Zabbix,Доброго времени суток! У нас есть обновлённая версия...,Консультация,D263120004,Сервер
HK2-1404,"Добрый день, не работает звук на моем ноутбуке...",Jack,C223011358,Ноутбук
Ноутбук,Проблемы с работой модели Сила НК2-1404 v2 после обновления драйверов,Wi-fi модуль,C223100312,Ноутбук
Открыть кейс по неисправности диска,Добрый день. Прошу открыть кейс по неисправному оборудованию.,Диск,CKM00194401300,СХД
Неисправность сервера,"Добрый день, коллеги. Прошу принять запрос о необходимости ремонта серверного оборудования с серийным номером D252030013.",Сервер,D252030013,Сервер
HK2-1404,"Добрый день, некорректная работа клавиши F при...",Клавиатура,C223010731,Ноутбук
SLA-1404,На устройстве периодически возникают ошибки с оперативной памятью.,Оперативная память,C223012059,Ноутбук
Ноутбук НК2-1404,"Периодически пропадает подключение к Wi-Fi, через определенные промежутки времени.",Wi-fi антенна,C223012010,Ноутбук
СИЛА НК2-1404,Не работает зарядное устройство Type-C для СИЛА НК...,Блок питания,C223010757,Ноутбук
Неисправность сервера,"Добрый день, коллеги. К сожалению, наш сервер...",Сервер,D252030012,Сервер
СИЛА НК2-3205,"Добрый день, у нас возникли проблемы с несовпадением данных при загрузке программного обеспечения. Серийный номер ноутбука - C233041042.",Программное обеспечение,C233041042,Ноутбук
SLA-1404,На устройстве обнаружен сбой накопителя SSD,Оперативная память,C223012059,Ноутбук
Сервер СИЛА СР2-5422,Добрый день. На нашем сервере возникла проблема с SFP модулем.,SFP модуль,D252110012,Сервер
Проблемы с охлаждением ноутбука,При работе ноутбука слышен шум от системы охлаждения,Вентилятор,C223012410,Ноутбук
Проблемы с ноутбуком NB2-1404,"Добрый день, коллеги. Мы обнаружили искривление корпуса на устройстве с серийным номером C223012632.",Корпус,C223012632,Ноутбук
Ноутбук,У ноутбука СИЛА НК2-1404 с серийным номером C222091115 возникли проблемы с диском.,Диск,C222091115,Ноутбук
Обновление BIOS,Доброго времени суток. Нужна помощь с получением ссылки на актуальную версию BIOS для моего устройства. Модель ноутбука: ...,Консультация,C223010446,Ноутбук
HK2-1404,"Добрый день, некорректная работа клавиши F при нажатии.",Клавиатура,C223010731,Ноутбук
Проблемы с зарядкой Type-C,Неисправность блока питания,Блок питания,C223101296,Ноутбук
Ноутбук,У ноутбука СИЛА НК2-1404 с серийным номером C2...,Диск,C222091115,Ноутбук
Проблема с серийным номером,Добрый день! Ранее мы отправляли к вам на обслуживание ноутбук с серийным номером C223012272.,Консультация,C223012272,Ноутбук
СИЛА НК2-3205,"Добрый день, у нас возникли проблемы с несовпадением серийного номера на нашем оборудовании.",Программное обеспечение,C233041042,Ноутбук
HK2-1404,"Добрый день, не функционирует аудио на устройстве...",Jack,C223011358,Ноутбук
IBS. СИЛА хрипит левый динамик,Добрый день! На устройстве XYZ123456789 левый динамик издает хрипящие звуки.,Динамики,XYZ123456789,Ноутбук
Не работает блок питания,В течение последней недели внезапно перестал функционировать блок питания.,Блок питания,C223100360,Ноутбук
Ноутбук,Система HP 290 G2 не работает корректно...,Wi-fi модуль,C223100312,Ноутбук
Открыть кейс по неисправности диска,Добрый день. Прошу рассмотреть проблему с неисправным диском.,Диск,CKM00194401300,СХД
Заряд аккумулятора,"Быстро разряжается, несмотря на непродолжительное использование...",Аккумулятор,C223100567,Ноутбук
СИЛА НК2-3205,"Добрый день, у нас возникли проблемы с несовместимостью программного обеспечения. Серийный номер нашего устройства - C233041042.",Программное обеспечение,C233041042,Ноутбук
SLA-1404,На устройстве возникла проблема с накопителем SSD,Оперативная память,C223012059,Ноутбук
Проблемы с сервером,Добрый день. На нашем сервере возникли некоторые технические неполадки...,SFP модуль,D252110012,Сервер
Проблемы с динамиком,Добрый день! На устройстве C111120016 не функционирует динамик.,Динамики,C111120016,Ноутбук
Ноутбук,"Система HP 290 G2 не работает корректно, проблема с подключением к Wi-Fi.",Wi-fi модуль,C223100312,Ноутбук
Проблемы с ноутбуком NB268,"Добрый день, коллеги. Мы обнаружили деформацию корпуса и трещины на экране ноутбука с серийным номером C223012632.",Корпус,C223012632,Ноутбук
СИЛА НК2-3205,"Добрый день, у нас возникли проблемы с несовпадением некоторых параметров системы. Серийный номер нашего устройства: C233041042.",Программное обеспечение,C233041042,Ноутбук
СИЛА НК2-3205,"Добрый день, у нас возникли проблемы с несовпадением серийного номера ноутбука C233041042.",Программное обеспечение,C233041042,Ноутбук
IBS. СИЛА хрипит левый динамик,Доброго дня! На пристрої з серійним номером C111120016 спостерігається проблема з лівим динаміком.,Динамики,C111120016,Ноутбук
Заряд аккумулятора,"Быстро теряет заряд, даже при непродолжительном использовании.",Аккумулятор,C223100567,Ноутбук
SLA-7684,На компьютере не загружается операционная система,Оперативная память,C223012059,Ноутбук
Заряд аккумулятора,"Быстро разряжается, используется менее суток с момента полной зарядки",Аккумулятор,C223100567,Ноутбук
Ноутбук не включается,"Ноутбук не включается, вентилятор работает без остановки",Вентилятор,C223100275,Ноутбук
SLA-7654,Не работает видеокарта на ноутбуке,Оперативная память,C223012059,Ноутбук
Проблемы с динамиком,Добрый день! На устройстве X111120016 не работает динамик.,Динамики,X111120016,Ноутбук
Ноутбук НК2-1404,"Добрый день, после ремонта ноутбука перестали работать...",Клавиатура,С223010731,Ноутбук
Заряд аккумулятора,"Быстро разряжается, даже при непродолжительном использовании.",Аккумулятор,C223100567,Ноутбук
SLA-1404,На устройстве обнаружен сбой диска SSD,Оперативная память,C223012059,Ноутбук
Проблемы с ноутбуком NB265,"Добрый день, коллеги. Мы обнаружили деформацию корпуса и трещины на экране ноутбука с серийным номером C223012632.",Корпус,C223012632,Ноутбук
Заряд аккумулятора,"Быстро разряжается, используется менее суток с момента полной зарядки.",Аккумулятор,C223100567,Ноутбук
СИЛА НК2-3205,"Добрый день, у нас возникли проблемы с несовпадением некоторых параметров ноутбука.",Программное обеспечение,C233041042,Ноутбук
HK2-1404,"Добрый день, не работает звук на устройстве...",Jack,C223011358,Ноутбук
IBS. СИЛА хрипит левый динамик,"Доброго дня! На пристрої з серійним номером C111120016 виникли проблеми з динаміком. Праве коло обравно працює, але ліве хрипить.",Динамики,C111120016,Ноутбук
Гарантийный ремонт Т2,Добрый день. Прошу произвести гарантийный ремонт вентилятора ноутбука с серийным номером C223014726.,Вентилятор,C223014726,Ноутбук
Неисправность сервера,"Добрый день,
Прошу принять запрос о неисправности сервера с серийным номером D252030013.",Сервер,D252030013,Сервер
HK2-1404,"Добрый день, не функционирует аудио на моем ноутбуке...",Jack,C223011358,Ноутбук
Ноутбук,Сбой в работе ноутбука HP EliteBook x360 830 G7 после обновления драйверов,Wi-fi модуль,C223100312,Ноутбук
Неисправность сервера,"Добрый день, прошу принять запрос о неисправности оборудования. Серийный номер D252030013.",Сервер,D252030013,Сервер
Драйвера для ноутбука,Доброго дня! Отримали для тестування один з нових...,Консультация,C223090609,Ноутбук
SLA-7654,Не функционирует графическая карта на лэптопе,Оперативная память,C223012059,Ноутбук
IBS. СИЛА хрипит левый динамик,Доброго дня! На пристрої з серійним номером C111120016 виникає проблема з лівим динаміком.,Динамики,C111120016,Ноутбук
Ноутбук,Сила НК2-1404 v2  SN: C223100312 не работает,Wi-fi модуль,C223100312,Ноутбук
Ноутбук НК2-1404,"Периодически пропадает подключение к Wi-Fi, возникают ошибки при передаче данных.",Wi-fi антенна,C223012010,Ноутбук
Проблемы с ноутбуком NB2-1404,"Добрый день, коллеги. Мы обнаружили повреждение корпуса...",Корпус,C223012632,Ноутбук
Неисправность сервера,"Добрый день, коллеги. Прошу принять информацию о необходимости замены сервера с серийным номером D252030014.",Сервер,D252030014,Сервер
СИЛА НК2-1404//нет звука,Прошу предоставить информацию о ближайшем сервисном центре для ремонта ноутбука с серийным номером C222091827.,Консультация,C222091827,Ноутбук
HK2-1404,"Добрый день, некорректная работа клавиши F при наборе текста вызывает неудобства.",Клавиатура,C223010731,Ноутбук
СИЛА НК2-3205,"Добрый день, у нас возникли проблемы с несовпадением параметров видеокарты и драйверов.",Программное обеспечение,C233041042,Ноутбук
Проблемы с сервером,Добрый день. На нашем сервере возникли некоторые проблемы с оборудованием.,SFP модуль,D252110012,Сервер
Проблемы с охлаждением ноутбука,"При работе ноутбука слышен шум от системы охлаждения, особенно при высоких нагрузках.",Вентилятор,C223012410,Ноутбук
СИЛА НК2-1404 // Не работает LAN порт // С2220,Добрый день. Ноутбук СИЛА. Не функционирует LAN порт.,Wi-fi модуль,С222090774,Ноутбук
Неисправность сервера,"Добрый день, прошу принять запрос о неисправности оборудования.",Сервер,D252030013,Сервер
Заряд аккумулятора,"Быстро теряет заряд, даже если недавно был заряжен",Аккумулятор,C223100567,Ноутбук
SLA-1404,На устройстве наблюдается ошибка накопителя SSD,Оперативная память,C223012059,Ноутбук
НК2-1404,Не удается подключиться к беспроводной сети,Wi-fi модуль,C223101219,Ноутбук
Гарантийный ремонт ноутбука,Прошу принять в гарантийный ремонт устройство с проблемой диска.,Диск,C223011138,Ноутбук
Проблемы с сервером,Добрый день. На нашем сервере возникли некоторые технические трудности...,SFP модуль,D252110012,Сервер
IBS. СИЛА хрипит левый динамик,Доброго дня! На пристрої з серійним номером C111120016 виникли проблеми з динаміком. Ліву сторону системи звуку помічено хрип.,Динамики,C111120016,Ноутбук
НК2-1404,Не работает Wi-Fi (Кашира),Wi-fi антенна,C223101179,Ноутбук
Проблемы с СХД,Несколько дисков вышли из строя и понадобилось заменить их.,Диск,CKM01212505744,СХД
Проблема с клавиатурой ноутбука,Добрый день! Перестали функционировать некоторые клавиши на клавиатуре моего ноутбука.,Клавиатура,C222090998,Ноутбук
Ноутбук СИЛА HK-1404,"Доброго дня! Не працюють блоку живлення, прошу...",Блок питания,"['C223012682', 'C223011343', 'C223011380']",Ноутбук
Проблемы с ноутбуком NB2-1404,"Добрый день, коллеги. Мы обнаружили повреждение корпуса.",Корпус,C223012632,Ноутбук
Драйвера для ноутбука,Доброго дня! Отримали для тестування один з ноутбуків HP. Чи можете допомогти нам з установкою драйверів?,Консультация,C223090609,Ноутбук
гарантийный ремонт,"Добрый день! Ноутбук HK2-1404, серийный номер C223013450.",Клавиатура,C223013450,Ноутбук
SLA-7684,На устройстве не удаётся запустить операционную систему,Оперативная память,C223012059,Ноутбук
Полосы на экране,Полосы на экране могут появляться по разным причинам.,Матрица,C223090696,Ноутбук
Ноутбук не включается,"Не удается включить ноутбук, вентилятор работает без остановки",Вентилятор,C223100275,Ноутбук
Ноутбук,Необходимо провести апгрейд Wi-Fi модуля,Wi-fi антенна,C223012938,Ноутбук
Проблемы с зарядным устройством SIL-238,Зарядное устройство Type-C для ноутбука SIL-238 не функционирует.,Блок питания,C223010757,Ноутбук
Ноутбук,Проблемы с работой модели Сила НК2-1404 v2. Серийный номер C223100312.,Wi-fi модуль,C223100312,Ноутбук
СХД CX4-1127-00,"Добрый день. 
Прошу открыть кейс по неисправному диску с серийным номером CKM00194301861. 
Заранее благодарен.",Диск,CKM00194301861,СХД
Ноутбук,При подключении USB гарнитуры система начинает работать нестабильно.,Консультация,С111120102,Ноутбук
HK2-1404,"Добрый день, некорректная работа клавиши F при использовании ноутбука...",Клавиатура,C223010731,Ноутбук
SLA-7683,На компьютере не работает видеокарта,Оперативная память,C223012059,Ноутбук
Повреждение матрицы,Прошу произвести диагностику и сообщить стоимость ремонта ноутбука с поврежденной матрицей.,Матрица,C223014328,Ноутбук
Ноутбук,"Система HP 290 G2 не работает корректно, особенно с подключением к Wi-Fi.",Wi-fi модуль,C223100312,Ноутбук
Ноутбук Сила НК,Добрый день. Нам поступили ноутбуки Сила НК.,Консультация,"C223091216, C223091307, C223091468, C223091751",Ноутбук
Проблема с изображением на дисплее,Возникли проблемы с отображением информации на экране ноутбука,Матрица,C223090664,Ноутбук
НК2-1404,"Добрый день, вышли из строя зарядные устройства. Серийные номера следующие: C223012685, C223010230, C223010386.",Блок питания,"['C223012685', 'C223010230', 'C223010386']",Ноутбук
Гарантия,"Уточните, пожалуйста, Ваши контактные данные для ближайшего сервисного центра.",Диск,С222091091,Ноутбук
Повреждение матрицы,Прошу произвести диагностику и сообщить стоимость ремонта моего ноутбука в связи с повреждением матрицы.,Матрица,C223014328,Ноутбук
Не работает блок питания,В течение последней недели внезапно перестал функционировать блок питания ноутбука с серийным номером C223100360.,Блок питания,C223100360,Ноутбук
HK2-1404,"Добрый день! На дисплее время от времени появляются полосы и искажения изображения. Подозреваю, что проблема связана с материнской платой.",Материнская плата,C223012100,Ноутбук
Драйверы НК2-3404 на Windows 10 x64,"Доброго времени суток.
Прошу вас выложить актуальные драйверы для данного оборудования под операционную систему Windows 10 x64.
С уважением,
Сергей Смирнов",Консультация,C223091496,Ноутбук
HK2-1404,"Добрый день, у меня возникла проблема со звуком на ноутбуке...",Jack,C223011358,Ноутбук
Неисправность ноутбука,Добрый день! Ноутбук SILVER STORM SS-3456B - NTB485...,Матрица,C223090502,Ноутбук
Не работает блок питания,Не работает блок питания на ноутбуке с серийным номером C223010123.,Блок питания,C223010123,Ноутбук
Ноутбук,Система HP 290 G2 не работает должным образом после обновления драйверов беспроводного модуля,Wi-fi модуль,C223100312,Ноутбук
СР2-5422,Появились ошибки по датчику системы охлаждения,Материнская плата,D251110010,Сервер
Неисправность сервера,"Доброго времени суток, товарищи. Пожалуйста, ознакомьтесь с информацией о проблеме...",Сервер,D252030019,Сервер
Обновление BIOS,Доброго времени суток. Нужно помочь с обновлением BIOS.,Консультация,C223010446,Ноутбук
SLA-1404,На устройстве обнаружена проблема с накопителем SSD,Оперативная память,C223012059,Ноутбук
Неисправность Ноутбук СИЛА НК2-3404 - NTB48532,Добрый день! Ноутбук СИЛА НК2-3404 - NTB4...,Матрица,C223090552,Ноутбук
НК2-1404,Невозможно подключиться к беспроводной сети,Wi-fi модуль,C223101219,Ноутбук
Ноутбук не включается,"Ноутбук не подает признаков жизни, индикатор зарядки активен",Материнская плата,C223010076,Ноутбук
Ошибка диска Enclosure=3:Disk=5 на datadomain,"Коллеги, добрый день. Прошу открыть кейс по проблеме с диском с серийным номером CKM00194300974.",Диск,CKM00194300974,Сервер
Ноутбук,При использовании USB-гарнитуры возникают проблемы с аудио,Консультация,С111120102,Ноутбук
Заявка на гарантийное обслуживание,Здравствуйте! У меня возникла проблема с ноутбуком C223094573. Матрица вышла из строя.,Матрица,C223094573,Ноутбук
Ноутбук,"Система HP 290 G2 не функционирует должным образом, проблема связана с Wi-Fi модулем",Wi-fi модуль,C223100312,Ноутбук
Неработоспособность BMC,Добрый день. Сервер перестал пускать в BIOS.,Материнская плата,"D253040009, D253010009",Сервер
Проблемы с СХД,Несколько дисков вышли из строя и потребовалось заменить их.,Диск,CKM01212505744,СХД
HK2-1404,"Добрый день, некорректная работа клавиши F при наборе текста",Клавиатура,C223010731,Ноутбук
Заряд аккумулятора,"Быстро разряжается, хотя используется недолго и недавно заряжался.",Аккумулятор,C223100567,Ноутбук
IBS. СИЛА хрипит левый динамик,Доброго дня! На пристрої з серійним номером C111120016 виникли проблеми з динаміком. Ліву сторону системи звуку заважає слухати неприємний хрип.,Динамики,C111120016,Ноутбук
Мерцает экран ноутбука,Проблемы с матрицей,Матрица,C223091623,Ноутбук
Не работает блок питания,"В течение последней недели ноутбук внезапно перестал функционировать, и теперь индикаторы не светятся.",Блок питания,C223100360,Ноутбук
Ноутбук SILHAO HK1-1425/ i5-1135G7/8G/m.2 256Gb/...,Не работает HDMI,Материнская плата,C111110043,Ноутбук
Проблемы с СХД,"Некоторые диски вышли из строя, и резервная копия была повреждена.",Диск,CKM01212505744,СХД
Драйверы НК2-3404 на Windows 10 x64,Доброго времени суток. Прошу вас выложить актуальные драйверы для ноутбука с Windows 10 x64 и серийным номером C223091496.,Консультация,C223091496,Ноутбук
Проблемы с изображением на дисплее,Возникли проблемы с отображением информации на экране ноутбука.,Матрица,C223090664,Ноутбук
СИЛА HK2-1404,Не функционирует зарядное устройство,Блок питания,C223011088,Ноутбук
Неисправность сервера,"Добрый день, коллеги. Прошу обратить внимание на проблему с оборудованием.",Сервер,D252030019,Сервер
Обновление BIOS и BMC Cube,"Добрый день! Если были обновления этих компонентов, то какова процедура их установки?",Консультация,D263080001,Сервер
Проблемы с экраном ноутбука,Неисправность дисплея,Матрица,C223091623,Ноутбук
Звук и микрофон не работают на ноутбуке,Не работают звук и микрофон на ноутбуке.,Материнская плата,c223012961,Ноутбук
Неисправность сервера,"Добрый день, коллеги. К сожалению, наш сервер D252030012 перестал функционировать.",Сервер,D252030012,Сервер
Драйверы НК2-3404 на Windows 10 x64,Доброго времени суток. Прошу вас выложить актуальные драйверы для модели ноутбука с серийным номером C223091496.,Консультация,C223091496,Ноутбук
IBS. СИЛА хрипит левый динамик,Доброго дня! На пристрої з серійним номером C111120016 виникли проблеми з лівим динаміком.,Динамики,C111120016,Ноутбук
Проблемы с ремонтом,Доброго дня! В прошлом году приобрели у вас ноутбук...,Матрица,C223012127,Ноутбук
S12-567 // Проблемы с зарядным устройством,Не заряжается аккумуляторная батарея,Блок питания,C223011088,Ноутбук
Неисправность BMC,Добрый день. Сервер перестал пускать в операционную систему.,Материнская плата,"D253040009, D253010009",Сервер
Гарантия,"Пожалуйста, укажите адрес ближайшего сервисного центра для обращения по гарантии.",Диск,С222091091,Ноутбук
Неисправность Ноутбук СИЛА НК2-3404 - NTB4857,Ноутбук СИЛА НК2-3404 - NTB4857 (S/N: C2230905),Матрица,C2230905,Ноутбук
СИЛА НК2-1404,Добрый день. Ноутбук СИЛА не работает. Не удается подключиться к локальной сети через LAN порт.,Wi-fi модуль,С222090774,Ноутбук
Ноутбук СИЛА HK-1404,Периодические черные вертикальные полосы на экране,Материнская плата,C223011328,Ноутбук
Проблемы с СХД,Несколько дисков вышли из строя и требуется замена.,Диск,CKM01212505744,СХД
Ноутбук Сила НК2-3404,Добрый день. Нам поступили ноутбуки Сила НК2-3404.,Консультация,"C223091216, C223091307, C223091468, C223091751",Ноутбук
Неисправность ноутбука,Добрый день! Ноутбук SILVER JET A12-3456 - NTB485...,Матрица,C223090502,Ноутбук
Проблемы с ноутбуком СИЛА,Добрый день. Ноутбук СИЛА не включается и не загружается.,Wi-fi модуль,С222090774,Ноутбук
Ноутбук СИЛА HK-1404,Экран отключается во время работы,Материнская плата,C223011480,Ноутбук
Ноутбуки Сила НК,Добрый день. Нам поступили ноутбуки модели Сила НК.,Консультация,"['C223091216', 'C223091307', 'C223091468', 'C223091751']",Ноутбук
СР2-5422,Появились ошибки по датчику системы охлаждения 2,Материнская плата,D251110010,Сервер
Проблемы с СХД,"Некоторые диски вышли из строя, и резервная копия не может быть восстановлена из-за повреждения резервных компонентов.",Диск,CKM01212505744,СХД
Ноутбуки Сила НК,Добрый день. Нам поступили ноутбуки.,Консультация,"['C223091216', 'C223091307', 'C223091468', 'C223091751']",Ноутбук
SLA-1404,На устройстве обнаружена проблема с SSD диском,Оперативная память,C223012059,Ноутбук
Неисправность ноутбука,Добрый день! Ноутбук SILVER FALCON SF-17-3404 - NTB485...,Матрица,C223090502,Ноутбук
Ноутбук,Добрый день! Требуется гарантийная замена модуля Wi-Fi.,Wi-fi модуль,C223012840,Ноутбук
Открыть кейс по неисправности диска,Добрый день. Прошу открыть кейс по неисправному устройству с серийным номером CKM00194401300.,Диск,CKM00194401300,СХД
Ноутбук,При подключении USB-гарнитуры возникают проблемы со звуком.,Консультация,С111120102,Ноутбук
НК2-1404 v2,Не работает зарядное устройство,Блок питания,C223100822,Ноутбук
Неисправность сервера,"Доброго времени суток, коллеги. К сожалению, наш сервер вышел из строя. Серийный номер устройства - D252030019.",Сервер,D252030019,Сервер
Драйвера для ноутбука,"Доброго дня! Отримали для тестування один з ноутбуків, який має серійний номер C223090609. Чи можете надати нам консультацію щодо цього пристрою?",Консультация,C223090609,Ноутбук
SLA-1404,"На устройстве обнаружена проблема с накопителем, которая может быть связана с оперативной памятью.",Оперативная память,C223012059,Ноутбук
HK2-1404,"Добрый день, не функционирует звук на моем ноутбуке.",Jack,C223011358,Ноутбук
Ноутбук,"Приветствую! У нас возникла проблема с ноутбуком SILNAYA NK2-3404. На экране появилась рябь, серийный номер устройства - C223091025.",Матрица,C223091025,Ноутбук
Ноутбук,Необходимо провести апгрейд Wi-Fi антенны,Wi-fi антенна,C223012938,Ноутбук
Ноутбук,Не работает видео выход HDMI,Материнская плата,С111080061,Ноутбук
Проблемы с ноутбуком NB283,"Добрый день, коллеги. Мы обнаружили деформацию корпуса и трещины на экране ноутбука с серийным номером C223012632.",Корпус,C223012632,Ноутбук
Ноутбук НК2-1404,"Добрый день, после ремонта ноутбука перестали работать клавиши...",Клавиатура,С223010731,Ноутбук
Заряд аккумулятора,"Быстро теряет заряд, несмотря на непродолжительное использование...",Аккумулятор,C223100567,Ноутбук
Проблемы с зарядным устройством,Зарядное устройство Type-C для ноутбука,Блок питания,C223010757,Ноутбук
Неисправность ноутбука SILHAO HK1-1425/ i5-1135G7/8G/m.2 256G,Проблемы с HDMI портом,Материнская плата,C111110043,Ноутбук
SLA-7683,Не работает видеокарта на ноутбуке,Оперативная память,C223012059,Ноутбук
HK2-1404,"Добрый день, у меня возникли сложности с воспроизведением звука.",Jack,C223011358,Ноутбук
Гарантийный ремонт 2-х ноутбуков,Добрый день! Мы выявили дефекты изображения...,Матрица,С223090320,Ноутбук
Ноутбук SILHA HK-1404,"Добрый день! Проблемы с блоком питания, прошу...",Блок питания,"['C223012682', 'C223011343', 'C223011380']",Ноутбук
